{
	"format_version": "1.12.0",
	"minecraft:geometry": [
		{
			"description": {
				"identifier": "geometry.rouzetsu_domain",
				"texture_width": 64,
				"texture_height": 64,
				"visible_bounds_width": 6,
				"visible_bounds_height": 6,
				"visible_bounds_offset": [0, 1, 0]
			},
			"bones": [
				{
					"name": "bone4",
					"pivot": [0, 0, 0],
					"cubes": [
						{
							"origin": [-20.42979, -12.16968, -18.89099],
							"size": [10, 30, 10],
							"pivot": [-15.42979, 2.83032, -13.89099],
							"rotation": [-4.09282, -55.40272, -10.92745],
							"uv": {
								"north": {"uv": [32, 32], "uv_size": [32, 32]},
								"east": {"uv": [32, 32], "uv_size": [32, 32]},
								"south": {"uv": [32, 32], "uv_size": [32, 32]},
								"west": {"uv": [32, 32], "uv_size": [32, 32]},
								"up": {"uv": [64, 64], "uv_size": [-32, -32]},
								"down": {"uv": [64, 64], "uv_size": [-32, -32]}
							}
						},
						{
							"origin": [-19.92979, -13.66968, -2.39099],
							"size": [10, 30, 10],
							"pivot": [-14.92979, 1.33032, 2.60901],
							"rotation": [150.22889, -77.50366, -152.73143],
							"uv": {
								"north": {"uv": [32, 32], "uv_size": [32, 32]},
								"east": {"uv": [32, 32], "uv_size": [32, 32]},
								"south": {"uv": [32, 32], "uv_size": [32, 32]},
								"west": {"uv": [32, 32], "uv_size": [32, 32]},
								"up": {"uv": [64, 64], "uv_size": [-32, -32]},
								"down": {"uv": [64, 64], "uv_size": [-32, -32]}
							}
						},
						{
							"origin": [6.57021, -4.66968, 9.60901],
							"size": [10, 30, 10],
							"pivot": [11.57021, 10.33032, 14.60901],
							"rotation": [-17.62701, -59.67807, 14.49907],
							"uv": {
								"north": {"uv": [32, 32], "uv_size": [32, 32]},
								"east": {"uv": [32, 32], "uv_size": [32, 32]},
								"south": {"uv": [32, 32], "uv_size": [32, 32]},
								"west": {"uv": [32, 32], "uv_size": [32, 32]},
								"up": {"uv": [64, 64], "uv_size": [-32, -32]},
								"down": {"uv": [64, 64], "uv_size": [-32, -32]}
							}
						},
						{
							"origin": [9.57021, -20.16968, -15.39099],
							"size": [10, 30, 10],
							"inflate": 4,
							"pivot": [14.57021, -5.16968, -10.39099],
							"rotation": [-0.1047, -56.81961, 39.18877],
							"uv": {
								"north": {"uv": [32, 32], "uv_size": [32, 32]},
								"east": {"uv": [32, 32], "uv_size": [32, 32]},
								"south": {"uv": [32, 32], "uv_size": [32, 32]},
								"west": {"uv": [32, 32], "uv_size": [32, 32]},
								"up": {"uv": [64, 64], "uv_size": [-32, -32]},
								"down": {"uv": [64, 64], "uv_size": [-32, -32]}
							}
						},
						{
							"origin": [-12.97692, -4.75, 13.32614],
							"size": [10, 30, 10],
							"pivot": [-9.97692, 5.25, 16.32614],
							"rotation": [-10.62491, 14.75806, -14.94882],
							"uv": {
								"north": {"uv": [64, 32], "uv_size": [-32, 32]},
								"east": {"uv": [64, 32], "uv_size": [-32, 32]},
								"south": {"uv": [64, 32], "uv_size": [-32, 32]},
								"west": {"uv": [64, 32], "uv_size": [-32, 32]},
								"up": {"uv": [32, 64], "uv_size": [32, -32]},
								"down": {"uv": [32, 64], "uv_size": [32, -32]}
							}
						}
					]
				},
				{
					"name": "bone",
					"pivot": [-4.51289, 6.76463, -3.01349],
					"cubes": [
						{
							"origin": [-6.77308, 7.25, -5.17386],
							"size": [11, 30, 11],
							"uv": {
								"north": {"uv": [32, 0], "uv_size": [32, 32]},
								"east": {"uv": [32, 0], "uv_size": [32, 32]},
								"south": {"uv": [32, 0], "uv_size": [32, 32]},
								"west": {"uv": [32, 0], "uv_size": [32, 32]},
								"up": {"uv": [64, 32], "uv_size": [-32, -32]},
								"down": {"uv": [64, 32], "uv_size": [-32, -32]}
							}
						},
						{
							"origin": [-6.17308, 29.25, -4.67386],
							"size": [9, 25, 9],
							"inflate": -0.8,
							"uv": {
								"north": {"uv": [32, 0], "uv_size": [32, 32]},
								"east": {"uv": [32, 0], "uv_size": [32, 32]},
								"south": {"uv": [32, 0], "uv_size": [32, 32]},
								"west": {"uv": [32, 0], "uv_size": [32, 32]},
								"up": {"uv": [64, 32], "uv_size": [-32, -32]},
								"down": {"uv": [64, 32], "uv_size": [-32, -32]}
							}
						},
						{
							"origin": [-7.77308, -9.75, 4.07614],
							"size": [20, 13.5, 21],
							"uv": {
								"north": {"uv": [32, 0], "uv_size": [32, 32]},
								"east": {"uv": [32, 0], "uv_size": [32, 32]},
								"south": {"uv": [32, 0], "uv_size": [32, 32]},
								"west": {"uv": [32, 0], "uv_size": [32, 32]},
								"up": {"uv": [64, 32], "uv_size": [-32, -32]},
								"down": {"uv": [64, 32], "uv_size": [-32, -32]}
							}
						},
						{
							"origin": [-17.27308, -12.25, -4.42386],
							"size": [12, 14, 21],
							"uv": {
								"north": {"uv": [32, 0], "uv_size": [32, 32]},
								"east": {"uv": [32, 0], "uv_size": [32, 32]},
								"south": {"uv": [32, 0], "uv_size": [32, 32]},
								"west": {"uv": [32, 0], "uv_size": [32, 32]},
								"up": {"uv": [64, 32], "uv_size": [-32, -32]},
								"down": {"uv": [64, 32], "uv_size": [-32, -32]}
							}
						},
						{
							"origin": [-1.27308, -12.5, -4.42386],
							"size": [20, 18, 21],
							"uv": {
								"north": {"uv": [32, 0], "uv_size": [32, 32]},
								"east": {"uv": [32, 0], "uv_size": [32, 32]},
								"south": {"uv": [32, 0], "uv_size": [32, 32]},
								"west": {"uv": [32, 0], "uv_size": [32, 32]},
								"up": {"uv": [64, 32], "uv_size": [-32, -32]},
								"down": {"uv": [64, 32], "uv_size": [-32, -32]}
							}
						},
						{
							"origin": [-12.02308, -11.25, -16.42386],
							"size": [20, 14, 19],
							"uv": {
								"north": {"uv": [32, 0], "uv_size": [32, 32]},
								"east": {"uv": [32, 0], "uv_size": [32, 32]},
								"south": {"uv": [32, 0], "uv_size": [32, 32]},
								"west": {"uv": [32, 0], "uv_size": [32, 32]},
								"up": {"uv": [64, 32], "uv_size": [-32, -32]},
								"down": {"uv": [64, 32], "uv_size": [-32, -32]}
							}
						},
						{
							"origin": [-10.52308, -3.25, -8.42386],
							"size": [16.5, 16, 19],
							"uv": {
								"north": {"uv": [32, 0], "uv_size": [32, 32]},
								"east": {"uv": [32, 0], "uv_size": [32, 32]},
								"south": {"uv": [32, 0], "uv_size": [32, 32]},
								"west": {"uv": [32, 0], "uv_size": [32, 32]},
								"up": {"uv": [64, 32], "uv_size": [-32, -32]},
								"down": {"uv": [64, 32], "uv_size": [-32, -32]}
							}
						},
						{
							"origin": [-21.52308, -11.25, -6.42386],
							"size": [19.5, 16, 19],
							"uv": {
								"north": {"uv": [32, 0], "uv_size": [32, 32]},
								"east": {"uv": [32, 0], "uv_size": [32, 32]},
								"south": {"uv": [32, 0], "uv_size": [32, 32]},
								"west": {"uv": [32, 0], "uv_size": [32, 32]},
								"up": {"uv": [64, 32], "uv_size": [-32, -32]},
								"down": {"uv": [64, 32], "uv_size": [-32, -32]}
							}
						}
					]
				}
			]
		}
	]
}