{
	"format_version": "1.8.0",
	"animations": {
		"dance5": {
			"animation_length": 0.75,
			"bones": {
				"body": {
					"rotation": {
						"0.0": {
							"vector": [0, 0, 0]
						},
						"0.0833": {
							"vector": [0, 0, 0]
						},
						"0.25": {
							"vector": [0, 0, 0]
						},
						"0.4167": {
							"vector": [-100.72879, 62.08407, 80.49543]
						},
						"0.6667": {
							"vector": [-95.69725, 37.2794, 264.42444]
						}
					},
					"position": {
						"0.0": {
							"vector": [0, 0, 0]
						},
						"0.0833": {
							"vector": [-4, 0, 4]
						},
						"0.25": {
							"vector": [-4, 0, 4]
						},
						"0.4167": {
							"vector": [-1, 0, 6]
						},
						"0.5": {
							"vector": [-1, 3, 6]
						},
						"0.6667": {
							"vector": [-1, 0, 6]
						},
						"0.75": {
							"vector": [3, -4, 7]
						}
					}
				},
				"torso": {
					"rotation": {
						"0.0": {
							"vector": [0, 0, 0]
						},
						"0.0833": {
							"vector": [-34.25477, -54.16814, -6.4746]
						},
						"0.1667": {
							"vector": [-97.01459, -62.4297, 26.60238]
						},
						"0.25": {
							"vector": [-94.7744, -70.69125, 59.67936]
						},
						"0.4167": {
							"vector": [-112.09029, -87.64686, 97.23863]
						},
						"0.6667": {
							"vector": [-112.09029, -87.64686, 97.23863]
						},
						"0.75": {
							"vector": [-191.08048, -65.51162, 209.20773]
						}
					},
					"position": {
						"0.0": {
							"vector": [0, 0, 0]
						},
						"0.0833": {
							"vector": [0, -11, 0]
						},
						"0.25": {
							"vector": [0, -10, -1]
						},
						"0.4167": {
							"vector": [0, -10, -1]
						},
						"0.6667": {
							"vector": [0, -10, -1]
						},
						"0.75": {
							"vector": [10.33541, -5.12397, -1.70533]
						}
					}
				},
				"head": {
					"rotation": {
						"0.0": {
							"vector": [0, 0, 0]
						},
						"0.0833": {
							"vector": [0, -60, 0]
						},
						"0.25": {
							"vector": [0, -92.5, 0]
						},
						"0.4167": {
							"vector": [110, -87.5, -180]
						},
						"0.6667": {
							"vector": [128.47283, -82.91089, -173.53342]
						},
						"0.75": {
							"vector": [198.56911, -83.4416, -132.4039]
						}
					},
					"position": {
						"0.0": {
							"vector": [0, 0, 0]
						},
						"0.0833": {
							"vector": [0, -11, 0]
						},
						"0.25": {
							"vector": [0, -10, -2]
						},
						"0.4167": {
							"vector": [0, -10, -1]
						},
						"0.6667": {
							"vector": [0, -10, -1]
						},
						"0.75": {
							"vector": [9.54349, -4.73347, -0.74216]
						}
					}
				},
				"right_arm": {
					"rotation": {
						"0.0": {
							"vector": [0, 0, 0]
						},
						"0.0833": {
							"vector": [0, -20, 0]
						},
						"0.25": {
							"vector": [-129.28832, -20.24347, 40.0375]
						},
						"0.4167": {
							"vector": [-152.54076, 74.31428, 52.12712]
						},
						"0.6667": {
							"vector": [-23.85241, -86.47513, 76.78351]
						},
						"0.75": {
							"vector": [-80.14978, -70.81048, 133.57818]
						}
					},
					"position": {
						"0.0": {
							"vector": [0, 0, 0]
						},
						"0.0833": {
							"vector": [5, -12, -5]
						},
						"0.25": {
							"vector": [8, -9, -7]
						},
						"0.4167": {
							"vector": [8, -9, -6]
						},
						"0.6667": {
							"vector": [4, -11, -4]
						},
						"0.75": {
							"vector": [14.99658, -4.9452, -5.62786]
						}
					}
				},
				"left_arm": {
					"rotation": {
						"0.0": {
							"vector": [0, 0, 0]
						},
						"0.0833": {
							"vector": [-120, -67.5, 0]
						},
						"0.25": {
							"vector": [22.5, -67.5, 0]
						},
						"0.4167": {
							"vector": [21.34256, 67.69203, -132.95458]
						},
						"0.6667": {
							"vector": [-46.92917, 6.68008, -137.83793]
						},
						"0.75": {
							"vector": [47.11721, -6.53399, -88.17]
						}
					},
					"position": {
						"0.0": {
							"vector": [0, 0, 0]
						},
						"0.0833": {
							"vector": [-1, -8, 3]
						},
						"0.25": {
							"vector": [-3, -11, 3]
						},
						"0.4167": {
							"vector": [-3, -9, 4]
						},
						"0.6667": {
							"vector": [-2, -9, 2]
						},
						"0.75": {
							"vector": [4.33541, -6.12397, 3.29467]
						}
					}
				},
				"right_leg": {
					"rotation": {
						"0.0": {
							"vector": [0, 0, 0]
						},
						"0.0833": {
							"vector": [-50, -55, 0]
						},
						"0.25": {
							"vector": [49.08046, -72.57219, 22.99008]
						},
						"0.4167": {
							"vector": [-259.42803, -29.98167, 163.16721]
						},
						"0.5": {
							"vector": [-198.34968, -77.38014, 97.62123]
						},
						"0.6667": {
							"vector": [-90.07134, -66.16858, 111.14321]
						},
						"0.75": {
							"vector": [-65.42047, -78.55124, 155.66666]
						}
					},
					"position": {
						"0.0": {
							"vector": [0, 0, 0]
						},
						"0.0417": {
							"vector": [3.5, -2.5, -5.5]
						},
						"0.0833": {
							"vector": [7, -5, -5]
						},
						"0.1667": {
							"vector": [12.5, 0, -8.5]
						},
						"0.25": {
							"vector": [10, -7, -8]
						},
						"0.4167": {
							"vector": [4.67, -8.67, -3.67]
						},
						"0.5": {
							"vector": [5, -8, -3]
						},
						"0.6667": {
							"vector": [5, -8, -3]
						},
						"0.75": {
							"vector": [8.43124, -5.20096, -2.89102]
						}
					}
				},
				"left_leg": {
					"rotation": {
						"0.0": {
							"vector": [0, 0, 0]
						},
						"0.0833": {
							"vector": [65, -55, 0]
						},
						"0.25": {
							"vector": [-43.0384, -66.89741, -19.2571]
						},
						"0.4167": {
							"vector": [-42.95529, -36.03999, -100.08286]
						},
						"0.5": {
							"vector": [120.61651, -57.11461, -127.10765]
						},
						"0.5833": {
							"vector": [91.7153, -45.28285, -143.21814]
						},
						"0.6667": {
							"vector": [91.65056, -62.18173, -60.0292]
						},
						"0.75": {
							"vector": [155.36587, -82.64969, -145.08915]
						}
					},
					"position": {
						"0.0": {
							"vector": [0, 0, 0]
						},
						"0.0417": {
							"vector": [3, -3.5, -3.5]
						},
						"0.0833": {
							"vector": [8, -7, -3]
						},
						"0.1667": {
							"vector": [9.5, -0.5, -4.5]
						},
						"0.25": {
							"vector": [5, -6, -2]
						},
						"0.4167": {
							"vector": [0.33, -9.33, 0.33]
						},
						"0.5": {
							"vector": [1, -8, 0]
						},
						"0.6667": {
							"vector": [1, -8, 0]
						},
						"0.75": {
							"vector": [2.61746, -3.7997, 1.06683]
						}
					}
				}
			}
		}
	},
	"geckolib_format_version": 2
}