{
	"format_version": "1.8.0",
	"animations": {
		"kaishin1": {
			"animation_length": 360,
			"bones": {
				"body": {
					"rotation": {
						"0.0": {
							"vector": [0, 0, 0]
						},
						"0.25": {
							"vector": [3.64, 0, 0]
						},
						"0.5": {
							"vector": [3.64, 0, 0]
						},
						"0.6875": {
							"vector": [10, 0, 0]
						}
					},
					"position": {
						"0.0": {
							"vector": [0, 0, 0]
						},
						"0.25": {
							"vector": [0, -0.36, 0]
						},
						"0.5": {
							"vector": [0, -0.36, 0]
						},
						"0.6875": {
							"vector": [0, -1, 0]
						}
					}
				},
				"torso": {
					"rotation": {
						"0.0": {
							"vector": [0, 0, 0]
						},
						"0.25": {
							"vector": [0, 0, 0]
						},
						"0.5": {
							"vector": [0, 0, 0]
						},
						"0.6875": {
							"vector": [0, 0, 0]
						}
					},
					"position": {
						"0.0": {
							"vector": [0, 0, 0]
						},
						"0.25": {
							"vector": [0, 0.27, 0]
						},
						"0.5": {
							"vector": [0, 0.27, 0]
						},
						"0.6875": {
							"vector": [0, -2, 0]
						}
					}
				},
				"head": {
					"rotation": {
						"0.0": {
							"vector": [0, 0, 0]
						},
						"0.25": {
							"vector": [-57.5, 0, 0]
						},
						"0.5": {
							"vector": [-57.5, 0, 0]
						},
						"0.6875": {
							"vector": [20, 0, 0]
						}
					},
					"position": {
						"0.0": {
							"vector": [0, 0, 0]
						},
						"0.25": {
							"vector": [0, 0, 0]
						},
						"0.5": {
							"vector": [0, 0, 0]
						},
						"0.6875": {
							"vector": [0, -2, 0]
						}
					}
				},
				"right_arm": {
					"rotation": {
						"0.0": {
							"vector": [0, 0, 0]
						},
						"0.25": {
							"vector": [-133.06082, 80.47583, -23.8654]
						},
						"0.5": {
							"vector": [-133.06082, 80.47583, -23.8654]
						},
						"0.6875": {
							"vector": [-14.31321, -56.77406, -56.64611]
						}
					},
					"position": {
						"0.0": {
							"vector": [0, 0, 0]
						},
						"0.25": {
							"vector": [-0.75, 1, -0.5]
						},
						"0.5": {
							"vector": [-0.75, 1, -0.5]
						},
						"0.6875": {
							"vector": [0.5, -2, -1]
						}
					}
				},
				"left_arm": {
					"rotation": {
						"0.0": {
							"vector": [0, 0, 0]
						},
						"0.25": {
							"vector": [-133.06082, -80.47583, 23.8654]
						},
						"0.5": {
							"vector": [-133.06082, -80.47583, 23.8654]
						},
						"0.6875": {
							"vector": [-31.81321, 56.77406, 56.64611]
						}
					},
					"position": {
						"0.0": {
							"vector": [0, 0, 0]
						},
						"0.25": {
							"vector": [0.75, 1, -0.5]
						},
						"0.5": {
							"vector": [0.75, 1, -0.5]
						},
						"0.6875": {
							"vector": [-0.5, -2, -1]
						}
					}
				},
				"right_leg": {
					"rotation": {
						"0.0": {
							"vector": [0, 0, 0]
						},
						"0.25": {
							"vector": [-3.64, 0, 4.55]
						},
						"0.5": {
							"vector": [-3.64, 0, 4.55]
						},
						"0.6875": {
							"vector": [-10, 0, 12.5]
						}
					},
					"position": {
						"0.0": {
							"vector": [0, 0, 0]
						},
						"0.25": {
							"vector": [-0.73, 0, 0]
						},
						"0.5": {
							"vector": [-0.73, 0, 0]
						},
						"0.6875": {
							"vector": [-1, 0, 0]
						}
					}
				},
				"left_leg": {
					"rotation": {
						"0.0": {
							"vector": [0, 0, 0]
						},
						"0.25": {
							"vector": [-3.64, 0, -4.55]
						},
						"0.5": {
							"vector": [-3.64, 0, -4.55]
						},
						"0.6875": {
							"vector": [-10, 0, -12.5]
						}
					},
					"position": {
						"0.0": {
							"vector": [0, 0, 0]
						},
						"0.25": {
							"vector": [0.73, 0, 0]
						},
						"0.5": {
							"vector": [0.73, 0, 0]
						},
						"0.6875": {
							"vector": [1, 0, 0]
						}
					}
				}
			}
		}
	},
	"geckolib_format_version": 2
}