{
	"format_version": "1.8.0",
	"animations": {
		"kamusari2": {
			"animation_length": 10,
			"bones": {
				"body": {
					"rotation": {
						"0.0": {
							"vector": [0, 67.5, 0]
						},
						"0.125": {
							"vector": [15, -45, 0]
						}
					},
					"position": {
						"0.0": {
							"vector": [0, -2, 0]
						},
						"0.125": {
							"vector": [0, -4, 0]
						}
					}
				},
				"torso": {
					"rotation": {
						"vector": [7.5, 0, 0]
					}
				},
				"head": {
					"rotation": {
						"0.0": {
							"vector": [0, -67.5, 0]
						},
						"0.125": {
							"vector": [-4.98107, 44.78238, -7.05323]
						}
					}
				},
				"right_arm": {
					"rotation": {
						"0.0": {
							"vector": [-163.13573, 37.43575, -68.10219]
						},
						"0.125": {
							"vector": [-5.0333, 19.80205, -92.36726]
						}
					},
					"position": {
						"0.0": {
							"vector": [0.3913, 0.93268, -0.51942]
						},
						"0.125": {
							"vector": [1.39, -0.07, -3.52]
						}
					}
				},
				"left_arm": {
					"rotation": {
						"vector": [22.5, 0, -60]
					},
					"position": {
						"vector": [0.27339, -1.3503, 1.58945]
					}
				},
				"right_leg": {
					"rotation": {
						"0.0": {
							"vector": [-7.67493, -1.29062, 9.90664]
						},
						"0.125": {
							"vector": [31.3036, 22.89781, -8.31394]
						}
					},
					"position": {
						"vector": [-0.06922, 1.40782, 1.5774]
					}
				},
				"left_leg": {
					"rotation": {
						"0.0": {
							"vector": [114.38886, -83.80756, -132.15889]
						},
						"0.125": {
							"vector": [302.34876, -30.74747, -299.69038]
						}
					},
					"position": {
						"vector": [0.90787, 1.2371, 1.71205]
					}
				}
			}
		}
	},
	"geckolib_format_version": 2
}