{
	"format_version": "1.8.0",
	"animations": {
		"kamusari3": {
			"animation_length": 2,
			"bones": {
				"body": {
					"rotation": {
						"0.0": {
							"vector": [54.73561, -30, -35.26439]
						},
						"0.0833": {
							"vector": [45, 0, 0]
						}
					},
					"position": {
						"vector": [0, 0, 0]
					}
				},
				"torso": {
					"rotation": {
						"0.0": {
							"vector": [37.59117, -74.75245, -32.7431]
						},
						"0.125": {
							"vector": [12.2638, -37.04866, -5.27575]
						},
						"0.25": {
							"vector": [9.9027, 9.66994, 3.86524]
						}
					},
					"position": {
						"vector": [0, -1, 0]
					}
				},
				"head": {
					"rotation": {
						"0.0": {
							"vector": [-20.94102, 8.42106, 20.94102]
						},
						"0.125": {
							"vector": [-22.48072, -0.95645, -2.30991]
						}
					},
					"position": {
						"vector": [0, -1, 0]
					}
				},
				"right_arm": {
					"rotation": {
						"0.0": {
							"vector": [-229.33949, -27.40337, 122.1566]
						},
						"0.0417": {
							"vector": [-33.84117, -21.07913, 94.06355]
						},
						"0.125": {
							"vector": [28.75287, 3.35218, 110.74648]
						},
						"0.25": {
							"vector": [43.73562, 13.85951, 120.42411]
						}
					},
					"position": {
						"0.0": {
							"vector": [6, -2, -4]
						},
						"0.0417": {
							"vector": [0, -1, -2]
						},
						"0.125": {
							"vector": [0, -1, -1]
						},
						"0.25": {
							"vector": [0, -1, 1]
						}
					}
				},
				"left_arm": {
					"rotation": {
						"0.0": {
							"vector": [7.15251, -33.04757, -22.18051]
						},
						"0.125": {
							"vector": [26.70536, -12.4692, -72.72424]
						},
						"0.25": {
							"vector": [26.70536, -12.4692, -72.72424]
						}
					},
					"position": {
						"0.0": {
							"vector": [-4, 0, 5]
						},
						"0.125": {
							"vector": [-1, -1, 3]
						},
						"0.25": {
							"vector": [-1, -1, 0]
						}
					}
				},
				"right_leg": {
					"rotation": {
						"0.0": {
							"vector": [-21.50238, -21.07593, 8.0634]
						},
						"0.25": {
							"vector": [-17.53893, 24.42695, 2.15764]
						}
					},
					"position": {
						"0.0": {
							"vector": [0, 0, 1.2]
						},
						"0.125": {
							"vector": [-0.8, -1, 1.2]
						},
						"0.25": {
							"vector": [-0.8, -1, 2.2]
						}
					}
				},
				"left_leg": {
					"rotation": {
						"0.0": {
							"vector": [25.56145, -27.51235, -12.45891]
						},
						"0.25": {
							"vector": [22.56928, -34.22348, -16.36452]
						}
					},
					"position": {
						"0.0": {
							"vector": [-0.8, 0, 2.8]
						},
						"0.125": {
							"vector": [-0.4, -1, 3.3]
						},
						"0.25": {
							"vector": [-0.4, -1, 2.3]
						}
					}
				}
			}
		}
	},
	"geckolib_format_version": 2
}