{
	"format_version": "1.8.0",
	"animations": {
		"kick_rotate3": {
			"animation_length": 2,
			"bones": {
				"body": {
					"rotation": {
						"0.0": {
							"vector": [0, -252.5, 0]
						},
						"0.125": {
							"vector": [20, -120, 0]
						},
						"0.2083": {
							"vector": [-51.07378, -34.58752, 64.68367]
						}
					},
					"position": {
						"0.0": {
							"vector": [0, -1, 0]
						},
						"0.125": {
							"vector": [0, -1, 0]
						},
						"0.2083": {
							"vector": [0, 1, 0]
						}
					}
				},
				"torso": {
					"rotation": {
						"0.0": {
							"vector": [0, 0, 0]
						},
						"0.125": {
							"vector": [0, 0, 0]
						},
						"0.2083": {
							"vector": [0, 0, 0]
						}
					},
					"position": {
						"0.0": {
							"vector": [0, 0, 0]
						},
						"0.125": {
							"vector": [0, 0, 0]
						},
						"0.2083": {
							"vector": [0, 0, 0]
						}
					}
				},
				"head": {
					"rotation": {
						"0.0": {
							"vector": [0, -67.5, 0]
						},
						"0.125": {
							"vector": [-5.06334, 10.33872, -2.2288]
						},
						"0.2083": {
							"vector": [5.89803, 33.89038, -27.2996]
						}
					},
					"position": {
						"0.0": {
							"vector": [0, 0, 0]
						},
						"0.125": {
							"vector": [0, 0, 0]
						},
						"0.2083": {
							"vector": [1, 0, 0]
						}
					}
				},
				"right_arm": {
					"rotation": {
						"0.0": {
							"vector": [-35.88306, -44.06591, 32.7896]
						},
						"0.125": {
							"vector": [-109.23544, -13.10115, 67.78796]
						},
						"0.2083": {
							"vector": [80.25646, -4.86158, 41.01156]
						}
					},
					"position": {
						"0.0": {
							"vector": [0, 0, 0]
						},
						"0.125": {
							"vector": [0, 0, 0]
						},
						"0.2083": {
							"vector": [1, 0, 2]
						}
					}
				},
				"left_arm": {
					"rotation": {
						"0.0": {
							"vector": [-37.5, 0, 0]
						},
						"0.125": {
							"vector": [11.24618, -27.79687, -43.39482]
						},
						"0.2083": {
							"vector": [11.24618, -27.79687, -43.39482]
						}
					},
					"position": {
						"0.0": {
							"vector": [0, 0, 0]
						},
						"0.125": {
							"vector": [0, 0, 0]
						},
						"0.2083": {
							"vector": [0, 0, 0]
						}
					}
				},
				"right_leg": {
					"rotation": {
						"0.0": {
							"vector": [-0.82667, 34.69745, 5.10418]
						},
						"0.125": {
							"vector": [-43.186, -7.79921, 5.66787]
						},
						"0.1667": {
							"vector": [-95.686, -7.79921, 5.66787]
						},
						"0.2083": {
							"vector": [-95.47914, 63.47744, -5.17039]
						}
					},
					"position": {
						"0.0": {
							"vector": [0, 0, 0]
						},
						"0.125": {
							"vector": [0, 0, 0]
						},
						"0.2083": {
							"vector": [-1, 0, 0]
						}
					}
				},
				"left_leg": {
					"rotation": {
						"0.0": {
							"vector": [-7.5, 0, -20]
						},
						"0.125": {
							"vector": [0.96497, -17.55782, -2.38906]
						},
						"0.2083": {
							"vector": [2.85667, -14.27196, -52.21881]
						}
					},
					"position": {
						"0.0": {
							"vector": [0, 0, 0]
						},
						"0.125": {
							"vector": [0, 0, 0]
						},
						"0.2083": {
							"vector": [0, 0, 0]
						}
					}
				}
			}
		}
	},
	"geckolib_format_version": 2
}