{
	"format_version": "1.8.0",
	"animations": {
		"ragnaraku3": {
			"animation_length": 60,
			"bones": {
				"body": {
					"rotation": {
						"0.0": {
							"vector": [0, 40, 0]
						},
						"0.125": {
							"vector": [52.5, 0, 0]
						},
						"0.75": {
							"vector": [52.5, 0, 0]
						}
					},
					"position": {
						"0.0": {
							"vector": [0, 0, 0]
						},
						"0.125": {
							"vector": [0, -4, 3]
						}
					}
				},
				"right_arm": {
					"rotation": {
						"0.0": {
							"vector": [-219.00003, 20.2259, -37.962]
						},
						"0.0417": {
							"vector": [-150.90071, -11.99068, -8.31148]
						},
						"0.125": {
							"vector": [-46.33075, -20.7123, -3.79627]
						}
					},
					"position": {
						"0.0": {
							"vector": [0.84, 1.34, 2]
						},
						"0.0417": {
							"vector": [2, 2, -5]
						},
						"0.0833": {
							"vector": [2, -1, -6]
						},
						"0.125": {
							"vector": [5, -4.70187, -3.07164]
						}
					}
				},
				"left_arm": {
					"rotation": {
						"0.0": {
							"vector": [-121.10837, 41.03642, -16.93497]
						},
						"0.0417": {
							"vector": [6.00031, -3.23472, -18.60552]
						},
						"0.0833": {
							"vector": [6.00031, -3.23472, -18.60552]
						},
						"0.125": {
							"vector": [-52.52347, 2.50587, 20.22755],
							"easing": "linear"
						}
					},
					"position": {
						"0.0": {
							"vector": [0, 0, 5]
						},
						"0.0417": {
							"vector": [0, 0, 3]
						},
						"0.0833": {
							"vector": [0, -1, 1]
						},
						"0.125": {
							"vector": [-1, -5.24651, -1.81766],
							"easing": "linear"
						}
					}
				},
				"right_leg": {
					"rotation": {
						"0.0": {
							"vector": [-5, 0, 0]
						},
						"0.0417": {
							"vector": [-21.50238, -21.07593, 8.0634]
						},
						"0.0833": {
							"vector": [-21.50238, -21.07593, 8.0634]
						},
						"0.125": {
							"vector": [-20.75764, -24.30913, 14.02652]
						},
						"0.75": {
							"vector": [-8.25764, -24.30913, 14.02652]
						}
					},
					"position": {
						"0.0": {
							"vector": [0.5, 3, 1]
						},
						"0.0417": {
							"vector": [0, 0, 1.2]
						},
						"0.0833": {
							"vector": [0, 0, 1.2]
						},
						"0.125": {
							"vector": [2.2, 5.25161, 7.75113]
						}
					}
				},
				"left_leg": {
					"rotation": {
						"0.0": {
							"vector": [10, 0, 0]
						},
						"0.0417": {
							"vector": [25.56145, -27.51235, -12.45891]
						},
						"0.0833": {
							"vector": [25.56145, -27.51235, -12.45891]
						},
						"0.125": {
							"vector": [57.81179, -9.23186, -3.86032]
						},
						"0.75": {
							"vector": [25.39287, 5.55836, -6.36847]
						}
					},
					"position": {
						"0.0": {
							"vector": [0.5, 0.5, 3]
						},
						"0.0417": {
							"vector": [-0.8, 0, 2.8]
						},
						"0.0833": {
							"vector": [-0.8, 0, 2.8]
						},
						"0.125": {
							"vector": [2.6, 4.23905, 6.39068]
						},
						"0.75": {
							"vector": [2.6, 4.87141, 7.35435]
						}
					}
				},
				"torso": {
					"rotation": {
						"0.0": {
							"vector": [-7.49644, -19.80357, 2.7023]
						},
						"0.0417": {
							"vector": [16.25534, -29.70536, -3.44655]
						},
						"0.0833": {
							"vector": [18.75534, -29.70536, -3.44655]
						},
						"0.125": {
							"vector": [69.49346, 0, 0]
						}
					},
					"position": {
						"0.0": {
							"vector": [0, 0, 4]
						},
						"0.0417": {
							"vector": [0.59, -0.54, -0.99]
						},
						"0.125": {
							"vector": [2.1, -3.76, -2.9]
						}
					}
				},
				"head": {
					"rotation": {
						"0.0": {
							"vector": [0, 0, 0]
						},
						"0.0833": {
							"vector": [0, 0, 0]
						},
						"0.125": {
							"vector": [35, 0, 0]
						}
					},
					"position": {
						"0.0": {
							"vector": [0, 0, 4]
						},
						"0.0417": {
							"vector": [0.57, -0.69, -0.14]
						},
						"0.0833": {
							"vector": [0.93, -1.73, -1.85]
						},
						"0.125": {
							"vector": [2, -4.86, -3]
						}
					}
				}
			}
		}
	},
	"geckolib_format_version": 2
}