{
	"format_version": "1.8.0",
	"animations": {
		"raimei_hakke2": {
			"animation_length": 10,
			"bones": {
				"body": {
					"rotation": {
						"0.0": {
							"vector": [0, 115, 0]
						},
						"0.0833": {
							"vector": [20, 0, 0]
						}
					},
					"position": {
						"0.0": {
							"vector": [0, -2, 0]
						},
						"0.0833": {
							"vector": [0, -3.87939, 0.68404]
						}
					}
				},
				"head": {
					"rotation": {
						"0.0": {
							"vector": [0, -67.5, 0]
						},
						"0.0833": {
							"vector": [0, 0, 0]
						}
					}
				},
				"torso": {
					"rotation": {
						"vector": [7.5, 0, 0]
					}
				},
				"right_arm": {
					"rotation": {
						"0.0": {
							"vector": [-163.13573, 37.43575, -68.10219]
						},
						"0.0833": {
							"vector": [-85.65669, -1.68357, -101.13802]
						}
					},
					"position": {
						"0.0": {
							"vector": [4.3913, -2.06732, -0.51942]
						},
						"0.0833": {
							"vector": [1.23006, 0.24995, -2.14325]
						}
					}
				},
				"left_arm": {
					"rotation": {
						"0.0": {
							"vector": [22.88934, 54.71947, 125.67688]
						},
						"0.0833": {
							"vector": [-87.24194, 24.97457, 1.16524]
						}
					},
					"position": {
						"0.0": {
							"vector": [-3.72661, -0.3503, -1.41055]
						},
						"0.0833": {
							"vector": [0, 0, 0]
						}
					}
				},
				"right_leg": {
					"rotation": {
						"0.0": {
							"vector": [7.32507, -1.29062, 9.90664]
						},
						"0.0833": {
							"vector": [17.32507, -1.29062, 9.90664]
						}
					},
					"position": {
						"0.0": {
							"vector": [-0.06922, 1.40782, -0.4226]
						},
						"0.0833": {
							"vector": [-0.24021, 0.72746, 1.8583]
						}
					}
				},
				"left_leg": {
					"rotation": {
						"0.0": {
							"vector": [114.38886, -83.80756, -132.15889]
						},
						"0.0833": {
							"vector": [29.19762, -10.06773, -4.82487]
						}
					},
					"position": {
						"0.0": {
							"vector": [0.90787, 1.2371, 0.71205]
						},
						"0.0833": {
							"vector": [0.14295, 2.43507, -1.28289]
						}
					}
				}
			}
		}
	},
	"geckolib_format_version": 2
}