{
	"format_version": "1.8.0",
	"animations": {
		"sword_overhead": {
			"animation_length": 180,
			"bones": {
				"torso": {
					"rotation": {
						"0.0": {
							"vector": [-7.49644, -19.80357, 2.7023]
						},
						"0.0417": {
							"vector": [16.25534, -29.70536, -3.44655]
						},
						"0.0833": {
							"vector": [18.75534, -29.70536, -3.44655]
						},
						"0.125": {
							"vector": [34.51169, -35.21284, -4.81845]
						}
					},
					"position": {
						"0.0": {
							"vector": [0, 0, 4]
						},
						"0.0417": {
							"vector": [0.59, -0.54, -0.99]
						},
						"0.125": {
							"vector": [2.1, -3.76, -2.9]
						}
					}
				},
				"head": {
					"rotation": {
						"0.0": {
							"vector": [0, 0, 0]
						},
						"0.0833": {
							"vector": [0, 0, 0]
						},
						"0.125": {
							"vector": [0, 0, 0]
						}
					},
					"position": {
						"0.0": {
							"vector": [0, 0, 4]
						},
						"0.0417": {
							"vector": [0.57, -0.69, -0.14]
						},
						"0.0833": {
							"vector": [0.93, -1.73, -1.85]
						},
						"0.125": {
							"vector": [2, -4.86, -3]
						}
					}
				},
				"right_arm": {
					"rotation": {
						"0.0": {
							"vector": [-198.40071, -11.99068, -8.31148]
						},
						"0.0417": {
							"vector": [-150.90071, -11.99068, -8.31148]
						},
						"0.125": {
							"vector": [0.48411, -9.36355, 2.10309]
						}
					},
					"position": {
						"0.0": {
							"vector": [0.84, 1.34, 2]
						},
						"0.0417": {
							"vector": [2, 2, -5]
						},
						"0.0833": {
							"vector": [2, -1, -6]
						},
						"0.125": {
							"vector": [5, -7, -5]
						}
					}
				},
				"left_arm": {
					"rotation": {
						"0.0": {
							"vector": [-20, 0, -15]
						},
						"0.0417": {
							"vector": [6.00031, -3.23472, -18.60552]
						},
						"0.0833": {
							"vector": [6.00031, -3.23472, -18.60552]
						},
						"0.125": {
							"vector": [26.70536, -12.4692, -72.72424]
						}
					},
					"position": {
						"0.0": {
							"vector": [0, 0, 5]
						},
						"0.0417": {
							"vector": [0, 0, 3]
						},
						"0.0833": {
							"vector": [0, -1, 1]
						},
						"0.125": {
							"vector": [1, -5, 1]
						}
					}
				},
				"right_leg": {
					"rotation": {
						"0.0": {
							"vector": [-5, 0, 0]
						},
						"0.0417": {
							"vector": [-21.50238, -21.07593, 8.0634]
						},
						"0.0833": {
							"vector": [-21.50238, -21.07593, 8.0634]
						},
						"0.125": {
							"vector": [-81.89547, 13.43969, 0.48038]
						}
					},
					"position": {
						"0.0": {
							"vector": [0.5, 0, 2]
						},
						"0.0417": {
							"vector": [0, 0, 1.2]
						},
						"0.0833": {
							"vector": [0, 0, 1.2]
						},
						"0.125": {
							"vector": [-0.8, -1, 1.2]
						}
					}
				},
				"left_leg": {
					"rotation": {
						"0.0": {
							"vector": [10, 0, 0]
						},
						"0.0417": {
							"vector": [25.56145, -27.51235, -12.45891]
						},
						"0.0833": {
							"vector": [25.56145, -27.51235, -12.45891]
						},
						"0.125": {
							"vector": [-17.18821, -9.23186, -3.86032]
						}
					},
					"position": {
						"0.0": {
							"vector": [0.5, 0.5, 3]
						},
						"0.0417": {
							"vector": [-0.8, 0, 2.8]
						},
						"0.0833": {
							"vector": [-0.8, 0, 2.8]
						},
						"0.125": {
							"vector": [-0.4, -1, 3.3]
						}
					}
				},
				"body": {
					"rotation": {
						"0.0": {
							"vector": [0, 0, 0]
						},
						"0.125": {
							"vector": [45, 0, 0]
						}
					},
					"position": {
						"0.0": {
							"vector": [0, 0, 0]
						},
						"0.125": {
							"vector": [0, -3, 0]
						}
					}
				}
			}
		}
	},
	"geckolib_format_version": 2
}