{
	"format_version": "1.8.0",
	"animations": {
		"togen_totsuka2": {
			"animation_length": 2,
			"bones": {
				"body": {
					"rotation": {
						"0.0": {
							"vector": [0, 45, 0]
						},
						"0.0833": {
							"vector": [71.7511, 17.38772, 42.18626]
						},
						"0.25": {
							"vector": [71.7511, 17.38772, 42.18626]
						},
						"0.375": {
							"vector": [71.75, 0, 0]
						}
					},
					"position": {
						"0.0": {
							"vector": [0, -2, 0]
						},
						"0.25": {
							"vector": [0, -2, 0]
						},
						"0.375": {
							"vector": [0, -2, 0]
						}
					}
				},
				"torso": {
					"rotation": {
						"0.0": {
							"vector": [0, 0, 0]
						},
						"0.25": {
							"vector": [0, 0, 0]
						},
						"0.375": {
							"vector": [0, 0, 0]
						}
					},
					"position": {
						"0.0": {
							"vector": [0, 0, 0]
						},
						"0.25": {
							"vector": [0, 0, 0]
						}
					}
				},
				"head": {
					"rotation": {
						"0.0": {
							"vector": [0, -50, 0]
						},
						"0.0833": {
							"vector": [-54.16571, -48.07585, 5.73491]
						},
						"0.25": {
							"vector": [-54.16571, -48.07585, 5.73491]
						},
						"0.375": {
							"vector": [-54.17, 0, 0]
						}
					},
					"position": {
						"0.0": {
							"vector": [0, 0, 0]
						},
						"0.25": {
							"vector": [0, 0, 0]
						},
						"0.375": {
							"vector": [0, 0, 0]
						}
					}
				},
				"right_arm": {
					"rotation": {
						"0.0": {
							"vector": [-167.5, 20, 0]
						},
						"0.0833": {
							"vector": [-133.37473, -50.63701, 4.80713]
						},
						"0.25": {
							"vector": [-133.37473, -50.63701, 4.80713]
						},
						"0.375": {
							"vector": [-86.70094, 67.00637, -40.99016]
						}
					},
					"position": {
						"0.0": {
							"vector": [0, 2, -1]
						},
						"0.0833": {
							"vector": [3, -2, -1]
						},
						"0.25": {
							"vector": [3, -2, -1]
						},
						"0.375": {
							"vector": [0, 0, 0]
						}
					},
					"scale": {
						"vector": [1, 1, 1]
					}
				},
				"left_arm": {
					"rotation": {
						"0.0": {
							"vector": [-60, 22.5, -67.5]
						},
						"0.0833": {
							"vector": [-15.88231, -38.48236, -148.8319]
						},
						"0.25": {
							"vector": [-15.88231, -38.48236, -148.8319]
						},
						"0.375": {
							"vector": [213.4068, -72.11453, -261.38346]
						}
					},
					"position": {
						"0.0": {
							"vector": [0, 0, 2]
						},
						"0.0833": {
							"vector": [-1, 0, 2]
						},
						"0.25": {
							"vector": [-1, 0, 2]
						},
						"0.375": {
							"vector": [0, 0, 0]
						}
					}
				},
				"right_leg": {
					"rotation": {
						"0.0": {
							"vector": [22.5, -22.5, 0]
						},
						"0.25": {
							"vector": [0, 0, 0]
						},
						"0.375": {
							"vector": [0, 0, 0]
						}
					},
					"position": {
						"0.0": {
							"vector": [-1, 1, 1]
						},
						"0.0833": {
							"vector": [0, 1, -3]
						},
						"0.25": {
							"vector": [0, 0, 0]
						},
						"0.375": {
							"vector": [0, 0, 0]
						}
					}
				},
				"left_leg": {
					"rotation": {
						"0.0": {
							"vector": [-22.5, -22.5, 0]
						},
						"0.0833": {
							"vector": [-0.35806, -16.51503, -1.45115]
						},
						"0.25": {
							"vector": [-0.35806, -16.51503, -1.45115]
						},
						"0.375": {
							"vector": [0, -16.52, 0]
						}
					},
					"position": {
						"0.0": {
							"vector": [1, 1, -1]
						},
						"0.0833": {
							"vector": [1, 1, 0]
						},
						"0.25": {
							"vector": [1, 1, 0]
						},
						"0.375": {
							"vector": [1, 1, 0]
						}
					}
				}
			}
		}
	},
	"geckolib_format_version": 2
}