{
	"format_version": "1.8.0",
	"animations": {
		"amane_dachi": {
			"animation_length": 0.1667,
			"bones": {
				"body": {
					"rotation": {
						"0.0": {
							"vector": [360, -12.5, 90]
						},
						"0.0208": {
							"vector": [314.49996, -9.77123, 99.83537]
						},
						"0.0417": {
							"vector": [270, 0, 102.5]
						},
						"0.0625": {
							"vector": [225.50004, 9.77123, 99.83537]
						},
						"0.0833": {
							"vector": [180, 12.5, 90]
						},
						"0.1042": {
							"vector": [134.49996, 9.77123, 80.16463]
						},
						"0.125": {
							"vector": [90, 0, 77.5]
						},
						"0.1458": {
							"vector": [45.50004, -9.77123, 80.16463]
						},
						"0.1667": {
							"vector": [0, -12.5, 90]
						}
					},
					"position": {
						"0.0": {
							"vector": [-11, 3, -1]
						},
						"0.0208": {
							"vector": [-7, 3, -8]
						},
						"0.0417": {
							"vector": [1, 3, -11]
						},
						"0.0625": {
							"vector": [8, 3, -7]
						},
						"0.0833": {
							"vector": [11, 3, 1]
						},
						"0.1042": {
							"vector": [7, 3, 8]
						},
						"0.125": {
							"vector": [-1, 3, 11]
						},
						"0.1458": {
							"vector": [-8, 3, 7]
						},
						"0.1667": {
							"vector": [-11, 3, -1]
						}
					}
				},
				"right_arm": {
					"rotation": {
						"vector": [0, 0, 45]
					}
				},
				"left_arm": {
					"rotation": {
						"vector": [-12.5, 0, -90]
					}
				},
				"head": {
					"rotation": {
						"vector": [22.5, 0, 0]
					}
				},
				"right_leg": {
					"rotation": {
						"vector": [-22.5, 0, 0]
					}
				},
				"left_leg": {
					"rotation": {
						"vector": [0, 0, -22.5]
					}
				}
			}
		}
	},
	"geckolib_format_version": 2
}