{
	"format_version": "1.8.0",
	"animations": {
		"charge1": {
			"animation_length": 300,
			"bones": {
				"body": {
					"rotation": {
						"0.0": {
							"vector": [0, 0, 0]
						},
						"0.25": {
							"vector": [20, 115, 0]
						}
					},
					"position": {
						"0.0": {
							"vector": [0, 0, 0]
						},
						"0.25": {
							"vector": [0, -3, -4]
						}
					}
				},
				"head": {
					"rotation": {
						"0.0": {
							"vector": [0, 0, 0]
						},
						"0.125": {
							"vector": [-8.42057, -44.10167, 10.37452]
						},
						"0.25": {
							"vector": [-62.99362, -71.83119, 68.67046]
						}
					},
					"position": {
						"vector": [0, 0, 0]
					}
				},
				"torso": {
					"rotation": {
						"vector": [0, 0, 0]
					},
					"position": {
						"vector": [0, 0, 0]
					}
				},
				"right_arm": {
					"rotation": {
						"0.0": {
							"vector": [0, 0, 0]
						},
						"0.25": {
							"vector": [-67.32542, 6.92618, 2.88419]
						}
					},
					"position": {
						"0.0": {
							"vector": [0, 0, 0]
						},
						"0.25": {
							"vector": [-0.5, -0.28039, 1.5385]
						}
					}
				},
				"left_arm": {
					"rotation": {
						"0.0": {
							"vector": [0, 0, 0]
						},
						"0.25": {
							"vector": [-52.73121, 46.69616, 27.3996]
						}
					},
					"position": {
						"0.0": {
							"vector": [0, 0, 0]
						},
						"0.25": {
							"vector": [-3.35903, -0.50143, -1.21056]
						}
					}
				},
				"right_leg": {
					"rotation": {
						"0.0": {
							"vector": [0, 0, 0]
						},
						"0.125": {
							"vector": [3.35175, -75.58524, 10.68603]
						},
						"0.25": {
							"vector": [-141.12568, -83.37273, 181.87783]
						}
					},
					"position": {
						"0.0": {
							"vector": [0, 0, 0]
						},
						"0.25": {
							"vector": [-1.36603, 0.7038, 0.3138]
						}
					}
				},
				"left_leg": {
					"rotation": {
						"0.0": {
							"vector": [0, 0, 0]
						},
						"0.25": {
							"vector": [-23.91829, -43.14203, 41.62822]
						}
					},
					"position": {
						"0.0": {
							"vector": [0, 0, 0]
						},
						"0.25": {
							"vector": [3.23205, 2, -1.59808]
						}
					}
				}
			}
		}
	},
	"geckolib_format_version": 2
}