{
	"format_version": "1.8.0",
	"animations": {
		"combo2": {
			"animation_length": 1.5,
			"bones": {
				"body": {
					"rotation": {
						"0.0": {
							"vector": [0, 0, -75]
						},
						"0.2083": {
							"vector": [-220, 0, -75]
						},
						"0.375": {
							"vector": [-377.70472, -3.81975, 0]
						}
					},
					"position": {
						"0.0": {
							"vector": [9, 0, 0]
						},
						"0.0417": {
							"vector": [6.2, 0.8, -9.8]
						},
						"0.0833": {
							"vector": [2.4, 1.6, -9.6]
						},
						"0.125": {
							"vector": [-4.4, 2.4, -4.07]
						},
						"0.2083": {
							"vector": [-5, 4, 6]
						},
						"0.2917": {
							"vector": [-3, 6.5, 1]
						},
						"0.375": {
							"vector": [-1, -1, -4]
						}
					}
				},
				"head": {
					"rotation": {
						"0.0": {
							"vector": [0, 0, 0]
						},
						"0.375": {
							"vector": [22.5, 0, 0]
						}
					},
					"position": {
						"0.0": {
							"vector": [0, 0, 0]
						},
						"0.4167": {
							"vector": [0, 0, -2]
						}
					}
				},
				"torso": {
					"rotation": {
						"0.0": {
							"vector": [0, 0, 0]
						},
						"0.4167": {
							"vector": [17.5, 0, 0]
						}
					},
					"position": {
						"0.0": {
							"vector": [0, 0, 0]
						},
						"0.4167": {
							"vector": [0, 0, -2]
						}
					}
				},
				"right_arm": {
					"rotation": {
						"0.0": {
							"vector": [0, 0, 77.5]
						},
						"0.2083": {
							"vector": [0, 0, 77.5]
						},
						"0.375": {
							"vector": [0, 0, 5]
						}
					}
				},
				"left_arm": {
					"rotation": {
						"0.0": {
							"vector": [-39.32466, 7.9972, 9.63846]
						},
						"0.25": {
							"vector": [-262.56689, -67.83839, 183.1423]
						},
						"0.375": {
							"vector": [-262.56689, -67.83839, 183.1423]
						},
						"0.5": {
							"vector": [-48.29878, 53.6953, 53.98312]
						}
					},
					"position": {
						"0.0": {
							"vector": [0, 0, 0]
						},
						"0.25": {
							"vector": [1.2, 0.8, -1.4]
						},
						"0.375": {
							"vector": [1.20444, -1.15948, -2.27307]
						},
						"0.5": {
							"vector": [-1, -2, -4]
						}
					}
				},
				"right_leg": {
					"rotation": {
						"0.0": {
							"vector": [0, 0, 0]
						},
						"0.0833": {
							"vector": [45, 0, 0]
						}
					},
					"position": {
						"0.0": {
							"vector": [0, 0, 0]
						},
						"0.2083": {
							"vector": [0, 0, 0]
						},
						"0.375": {
							"vector": [-0.99778, 0.02026, 0.06346]
						}
					}
				},
				"left_leg": {
					"rotation": {
						"0.0": {
							"vector": [44.31282, 8.80348, -8.90928]
						},
						"0.2083": {
							"vector": [-115.68718, 8.80348, -8.90928]
						},
						"0.375": {
							"vector": [18.19125, 6.47706, -1.70686]
						}
					},
					"position": {
						"0.0": {
							"vector": [0, 1, -1]
						},
						"0.2083": {
							"vector": [0, 1, -1]
						},
						"0.375": {
							"vector": [0.99778, 0.97974, -1.06346]
						}
					}
				}
			}
		}
	},
	"geckolib_format_version": 2
}