{
	"format_version": "1.8.0",
	"animations": {
		"kaishin4": {
			"animation_length": 360,
			"bones": {
				"body": {
					"rotation": {
						"0.0": {
							"vector": [10, 0, 0]
						},
						"0.125": {
							"vector": [25, -30, 0]
						}
					},
					"position": {
						"vector": [0, -1, 0]
					}
				},
				"torso": {
					"rotation": {
						"vector": [0, 0, 0]
					},
					"position": {
						"vector": [0, -2, 0]
					}
				},
				"head": {
					"position": {
						"vector": [0, -2, 0]
					}
				},
				"right_arm": {
					"rotation": {
						"0.0": {
							"vector": [-136.17301, 37.81003, -6.68737]
						},
						"0.0625": {
							"vector": [-161.17301, 37.81003, -6.68737]
						},
						"0.125": {
							"vector": [-36.23637, 16.0684, -58.13875]
						}
					},
					"position": {
						"vector": [0.5, -2, -1]
					}
				},
				"left_arm": {
					"rotation": {
						"0.0": {
							"vector": [-136.17301, 37.81003, -6.68737]
						},
						"0.0625": {
							"vector": [-161.17301, 37.81003, -6.68737]
						},
						"0.125": {
							"vector": [-35.62501, 17.53559, -56.02421]
						}
					},
					"position": {
						"vector": [-0.5, -2, -1]
					}
				},
				"right_leg": {
					"rotation": {
						"0.0": {
							"vector": [-10, 0, 12.5]
						},
						"0.125": {
							"vector": [-24.65993, 3.21132, 12.08681]
						}
					},
					"position": {
						"vector": [-1, 0, 0]
					}
				},
				"left_leg": {
					"rotation": {
						"0.0": {
							"vector": [-10, 0, -12.5]
						},
						"0.125": {
							"vector": [-24.65993, -3.21132, -12.08681]
						}
					},
					"position": {
						"vector": [1, 0, 0]
					}
				}
			}
		}
	},
	"geckolib_format_version": 2
}