{
	"format_version": "1.8.0",
	"animations": {
		"kashimo_kick": {
			"animation_length": 1.5,
			"bones": {
				"body": {
					"rotation": {
						"0.0": {
							"vector": [0, 0, 0]
						},
						"0.0833": {
							"vector": [48.18385, 8.40819, 9.28293]
						},
						"0.2083": {
							"vector": [48.18385, 8.40819, 9.28293]
						},
						"0.25": {
							"vector": [184.66698, 67.05902, 169.2929]
						},
						"0.2917": {
							"vector": [179.39243, 22.79919, 152.69508]
						},
						"0.3333": {
							"vector": [298.4495, -71.3646, 62.74822]
						},
						"0.375": {
							"vector": [364.41277, -30.71104, -16.18198]
						},
						"0.4583": {
							"vector": [364.15759, 24.1578, -12.22105]
						},
						"0.5": {
							"vector": [440.17316, 80.98704, 64.93437]
						},
						"0.5417": {
							"vector": [531.61081, 63.03748, 158.58668]
						},
						"1.0": {
							"vector": [553.77692, 64.63523, 184.34907]
						}
					},
					"position": {
						"0.0": {
							"vector": [0, 0, 0]
						},
						"0.0833": {
							"vector": [0, -1, 0]
						},
						"0.2083": {
							"vector": [0, -1, 0]
						},
						"0.2917": {
							"vector": [0, 1, 0]
						},
						"1.0": {
							"vector": [0, -1.3, 0]
						}
					}
				},
				"head": {
					"rotation": {
						"0.0": {
							"vector": [0, 0, 0]
						},
						"0.0833": {
							"vector": [-27.5, 0, 0]
						},
						"0.2083": {
							"vector": [-2.5, 0, 0]
						},
						"0.375": {
							"vector": [10.31797, 27.47162, 1.30078]
						},
						"0.4583": {
							"vector": [35.61089, 9.63161, -13.24464]
						},
						"0.5417": {
							"vector": [14.32191, -63.63943, -3.925]
						}
					},
					"position": {
						"vector": [0, 0, 0]
					}
				},
				"torso": {
					"rotation": {
						"vector": [0, 0, 0]
					},
					"position": {
						"vector": [0, 0, 0]
					}
				},
				"right_arm": {
					"rotation": {
						"0.0": {
							"vector": [0, 0, 0]
						},
						"0.0833": {
							"vector": [87.5, 0, 85]
						},
						"0.2083": {
							"vector": [87.5, 0, 85]
						},
						"0.2917": {
							"vector": [-65.35866, -9.96207, -95.37904]
						},
						"0.375": {
							"vector": [35.07734, -59.88176, -219.91237]
						},
						"0.4583": {
							"vector": [-89.54009, 19.7814, -111.40965]
						},
						"1.0": {
							"vector": [-61.46906, 30.71028, -75.3249]
						}
					},
					"position": {
						"0.0": {
							"vector": [0, 0, 0]
						},
						"0.375": {
							"vector": [-1, 0, 0]
						}
					}
				},
				"left_arm": {
					"rotation": {
						"0.0": {
							"vector": [0, 0, 0]
						},
						"0.0833": {
							"vector": [-60, 0, 0]
						},
						"0.2083": {
							"vector": [-60, 0, 0]
						},
						"0.2917": {
							"vector": [-59.61874, -8.64917, -5.03837]
						},
						"0.375": {
							"vector": [-56.94013, -23.57105, -14.58943]
						},
						"0.4583": {
							"vector": [-42.94218, 46.91981, 38.12634]
						},
						"1.0": {
							"vector": [-32.1232, -10.82524, -6.30279]
						}
					},
					"position": {
						"vector": [0, 0, 0]
					}
				},
				"right_leg": {
					"rotation": {
						"0.0": {
							"vector": [0, 0, 0]
						},
						"0.0833": {
							"vector": [-67.5, 0, 0]
						},
						"0.2083": {
							"vector": [-67.5, 0, 0]
						},
						"0.2917": {
							"vector": [-22.5, 0, 0]
						},
						"0.375": {
							"vector": [9.70559, 28.81823, 17.94783]
						},
						"0.4583": {
							"vector": [27.20559, 28.81823, 17.94783]
						},
						"1.0": {
							"vector": [14.22295, 29.95259, 6.33861]
						}
					},
					"position": {
						"0.0": {
							"vector": [0, 0, 0]
						},
						"0.0833": {
							"vector": [0, 2, -3]
						},
						"0.2083": {
							"vector": [0, 2, -3]
						},
						"1.0": {
							"vector": [-1, 1, -3]
						}
					}
				},
				"left_leg": {
					"rotation": {
						"0.0": {
							"vector": [0, 0, 0]
						},
						"0.0833": {
							"vector": [0, -10, -10]
						},
						"0.2083": {
							"vector": [0, -10, -10]
						},
						"0.375": {
							"vector": [-22.38702, -9.65594, -25.22074]
						},
						"0.4583": {
							"vector": [-64.01274, -3.71758, -11.345]
						},
						"0.5417": {
							"vector": [-94.01274, -3.71758, -11.345]
						},
						"0.75": {
							"vector": [-94.01274, -3.71758, -11.345]
						},
						"1.0": {
							"vector": [-13.7528, -44.60765, 9.32415]
						}
					},
					"position": {
						"0.0": {
							"vector": [0, 0, 0]
						},
						"0.2917": {
							"vector": [1, 0, 0]
						},
						"0.375": {
							"vector": [1, 1.75, -2.5]
						},
						"0.75": {
							"vector": [1, 1.75, -2.5]
						},
						"1.0": {
							"vector": [2, 1.75, -1.5]
						}
					}
				}
			}
		}
	},
	"geckolib_format_version": 2
}