{
	"format_version": "1.8.0",
	"animations": {
		"punch_overhead2": {
			"loop": "hold_on_last_frame",
			"animation_length": 2.5,
			"bones": {
				"body": {
					"rotation": {
						"0.0": {
							"vector": [0, 0, 0]
						},
						"0.0833": {
							"vector": [55, 0, 0]
						},
						"2.0": {
							"vector": [55, 0, 0]
						},
						"2.3333": {
							"vector": [0, 0, 0]
						}
					},
					"position": {
						"0.0": {
							"vector": [0, 0, 0]
						},
						"0.0833": {
							"vector": [0, -4, 0]
						},
						"2.0": {
							"vector": [0, -4, 0]
						},
						"2.125": {
							"vector": [0, 0, 0]
						}
					}
				},
				"head": {
					"rotation": {
						"0.0": {
							"vector": [0, 0, 0]
						},
						"0.0833": {
							"vector": [0, 0, 0]
						},
						"0.125": {
							"vector": [35, 0, 0]
						}
					},
					"position": {
						"0.0": {
							"vector": [0, 0, 4]
						},
						"0.0417": {
							"vector": [-0.57, -0.69, -0.14]
						},
						"0.0833": {
							"vector": [-0.93, -1.73, -1.85]
						},
						"0.125": {
							"vector": [-2, -4.86, -3]
						}
					}
				},
				"torso": {
					"rotation": {
						"0.0": {
							"vector": [-7.15928, -9.96244, 1.09523]
						},
						"0.0417": {
							"vector": [16.25534, 29.70536, 3.44655]
						},
						"0.0833": {
							"vector": [18.75534, 29.70536, 3.44655]
						},
						"0.125": {
							"vector": [34.51169, 35.21284, 4.81845]
						}
					},
					"position": {
						"0.0": {
							"vector": [0, 0, 4]
						},
						"0.0417": {
							"vector": [-0.59, -0.54, -0.99]
						},
						"0.125": {
							"vector": [-2.1, -3.76, -2.9]
						}
					}
				},
				"right_arm": {
					"rotation": {
						"0.0": {
							"vector": [-20, 0, 15]
						},
						"0.0417": {
							"vector": [6.00031, 3.23472, 18.60552]
						},
						"0.0833": {
							"vector": [6.00031, 3.23472, 18.60552]
						},
						"0.125": {
							"vector": [26.70536, 12.4692, 72.72424],
							"easing": "linear"
						},
						"2.0": {
							"vector": [26.71, 12.47, 72.72]
						},
						"2.3333": {
							"vector": [26.71, 12.47, 72.72]
						}
					},
					"position": {
						"0.0": {
							"vector": [0, 0, 3]
						},
						"0.0417": {
							"vector": [0, 0, 3]
						},
						"0.0833": {
							"vector": [0, -1, 1]
						},
						"0.125": {
							"vector": [-1, -5, 1],
							"easing": "linear"
						},
						"2.0": {
							"vector": [-1, -5, 1]
						},
						"2.3333": {
							"vector": [-1, -5, 1]
						}
					}
				},
				"left_arm": {
					"rotation": {
						"0.0": {
							"vector": [-198.40071, 11.99068, 8.31148]
						},
						"0.0417": {
							"vector": [-150.90071, 11.99068, 8.31148]
						},
						"0.0833": {
							"vector": [-82.74, 9.81, 19.51]
						},
						"0.125": {
							"vector": [-14.53187, 7.6279, 30.72207]
						},
						"2.0": {
							"vector": [-14.53187, 7.6279, 30.72207]
						},
						"2.3333": {
							"vector": [-16.32805, -1.24195, -0.62579]
						}
					},
					"position": {
						"0.0": {
							"vector": [-0.84, 1.34, 5]
						},
						"0.0417": {
							"vector": [-2, 2, -5]
						},
						"0.0833": {
							"vector": [-2, -1, -6]
						},
						"0.125": {
							"vector": [-5, -7, -5]
						},
						"2.0": {
							"vector": [-5, -7, -5]
						},
						"2.3333": {
							"vector": [-2, -7, -5]
						}
					}
				},
				"right_leg": {
					"rotation": {
						"0.0": {
							"vector": [10, 0, 0]
						},
						"0.0417": {
							"vector": [25.56145, 27.51235, 12.45891]
						},
						"0.0833": {
							"vector": [25.56145, 27.51235, 12.45891]
						},
						"0.125": {
							"vector": [27.81179, 9.23186, 3.86032]
						}
					},
					"position": {
						"0.0": {
							"vector": [-0.5, 0.5, 3]
						},
						"0.0417": {
							"vector": [0.8, 0, 2.8]
						},
						"0.0833": {
							"vector": [0.8, 0, 2.8]
						},
						"0.125": {
							"vector": [0.4, -1, 3.3]
						}
					}
				},
				"left_leg": {
					"rotation": {
						"0.0": {
							"vector": [-5, 0, 0]
						},
						"0.0417": {
							"vector": [-21.50238, 21.07593, -8.0634]
						},
						"0.0833": {
							"vector": [-21.50238, 21.07593, -8.0634]
						},
						"0.125": {
							"vector": [-19.39547, -13.43969, -0.48038]
						}
					},
					"position": {
						"0.0": {
							"vector": [0.5, 0, 1]
						},
						"0.0417": {
							"vector": [0, 0, 1.2]
						},
						"0.0833": {
							"vector": [0, 0, 1.2]
						},
						"0.125": {
							"vector": [0.8, -1, 1.2]
						}
					}
				}
			}
		}
	},
	"geckolib_format_version": 2
}