{
	"format_version": "1.8.0",
	"animations": {
		"sanzen_sekai1": {
			"animation_length": 0.25,
			"bones": {
				"right_arm": {
					"rotation": {
						"0.0": {
							"vector": [-90, 25, -180]
						},
						"0.0417": {
							"vector": [-67.31686, 6.67273, -83.36796]
						},
						"0.0833": {
							"vector": [-77.96232, -36.25666, 2.23974]
						},
						"0.125": {
							"vector": [-117.12023, -15.99271, 97.72896]
						},
						"0.1667": {
							"vector": [-100.50499, 31.60039, 181.07491]
						},
						"0.2083": {
							"vector": [-58.60444, -2.18467, 265.95652]
						},
						"0.25": {
							"vector": [-67.84629, -42.33965, 344.1758]
						}
					},
					"position": {
						"vector": [0, 0, 0]
					}
				},
				"body": {
					"rotation": {
						"vector": [0, 0, 0]
					},
					"position": {
						"vector": [0, -2, 0]
					}
				},
				"left_arm": {
					"rotation": {
						"0.0": {
							"vector": [-90, 25, 0]
						},
						"0.0417": {
							"vector": [-112.5, 22.91667, -97.5]
						},
						"0.0833": {
							"vector": [-100.96902, -16.64441, -180.75187]
						},
						"0.125": {
							"vector": [-66.13696, -3.35255, -272.61279]
						},
						"0.1667": {
							"vector": [-74.58938, 26.2092, -357.68452]
						},
						"0.2083": {
							"vector": [-122.28045, 6.97479, -445.29805]
						},
						"0.25": {
							"vector": [-106.35726, -24.59117, -526.3005]
						}
					},
					"position": {
						"vector": [0, 0, 0]
					}
				},
				"right_leg": {
					"rotation": {
						"vector": [0, 0, 20]
					},
					"position": {
						"vector": [0, 1, 0]
					}
				},
				"left_leg": {
					"rotation": {
						"vector": [0, 0, -20]
					},
					"position": {
						"vector": [0, 1, 0]
					}
				},
				"torso": {
					"rotation": {
						"vector": [0, 0, 0]
					},
					"position": {
						"vector": [0, 0, 0]
					}
				},
				"head": {
					"rotation": {
						"vector": [0, 0, 0]
					},
					"position": {
						"vector": [0, 0, 0]
					}
				}
			}
		}
	},
	"geckolib_format_version": 2
}