{
	"format_version": "1.8.0",
	"animations": {
		"sanzen_sekai2": {
			"animation_length": 3,
			"bones": {
				"right_arm": {
					"rotation": {
						"0.0": {
							"vector": [-90, 25, -180]
						},
						"0.0417": {
							"vector": [-67.31686, 6.67273, -83.36796]
						},
						"0.0833": {
							"vector": [-77.96232, -36.25666, 2.23974]
						},
						"0.125": {
							"vector": [-117.12023, -15.99271, 97.72896]
						},
						"0.1667": {
							"vector": [-100.50499, 31.60039, 181.07491]
						},
						"0.2083": {
							"vector": [-58.60444, -2.18467, 265.95652]
						},
						"0.25": {
							"vector": [-67.84629, -42.33965, 344.1758]
						},
						"0.375": {
							"vector": [105.17902, 7.53846, 79.83007]
						}
					},
					"position": {
						"0.0": {
							"vector": [0, 0, 0]
						},
						"0.25": {
							"vector": [0.5, -0.26, 1.09]
						},
						"0.375": {
							"vector": [2, -1.03906, 4.34975]
						}
					}
				},
				"body": {
					"rotation": {
						"0.0": {
							"vector": [0, 0, 0]
						},
						"0.25": {
							"vector": [57.26759, -81.60675, -49.87926]
						},
						"0.375": {
							"vector": [40, 45, 0]
						},
						"0.75": {
							"vector": [40, 0, 0]
						}
					},
					"position": {
						"0.0": {
							"vector": [0, -2, 0]
						},
						"0.25": {
							"vector": [0, -2, 0]
						}
					}
				},
				"torso": {
					"rotation": {
						"0.0": {
							"vector": [0, 0, 0]
						},
						"0.25": {
							"vector": [0, 7.5, 0]
						},
						"0.375": {
							"vector": [0, 30, 0]
						}
					},
					"position": {
						"vector": [0, 0, 0]
					}
				},
				"left_arm": {
					"rotation": {
						"0.0": {
							"vector": [-90, 25, 0]
						},
						"0.0417": {
							"vector": [-112.5, 22.91667, -97.5]
						},
						"0.0833": {
							"vector": [-100.96902, -16.64441, -180.75187]
						},
						"0.125": {
							"vector": [-66.13696, -3.35255, -272.61279]
						},
						"0.1667": {
							"vector": [-74.58938, 26.2092, -357.68452]
						},
						"0.2083": {
							"vector": [-122.28045, 6.97479, -445.29805]
						},
						"0.25": {
							"vector": [-106.35726, -24.59117, -526.3005]
						},
						"0.375": {
							"vector": [-94.62138, 21.53336, 86.55471]
						}
					},
					"position": {
						"0.0": {
							"vector": [0, 0, 0]
						},
						"0.25": {
							"vector": [-0.25, 0.29, -0.74]
						},
						"0.375": {
							"vector": [-1, 1.16232, -2.94092]
						}
					}
				},
				"right_leg": {
					"rotation": {
						"0.0": {
							"vector": [0, 0, 20]
						},
						"0.25": {
							"vector": [0, 0, 15]
						},
						"0.375": {
							"vector": [0, 0, 0]
						}
					},
					"position": {
						"0.0": {
							"vector": [0, 1, 0]
						},
						"0.25": {
							"vector": [0, 0.84, 0.19]
						},
						"0.375": {
							"vector": [0, 0.35721, 0.76604]
						}
					}
				},
				"left_leg": {
					"rotation": {
						"0.0": {
							"vector": [0, 0, -20]
						},
						"0.25": {
							"vector": [-17.5, 0, -15]
						},
						"0.375": {
							"vector": [-70, 0, 0]
						}
					},
					"position": {
						"0.0": {
							"vector": [0, 1, 0]
						},
						"0.25": {
							"vector": [0, 1, 0]
						}
					}
				},
				"head": {
					"rotation": {
						"vector": [0, 0, 0]
					},
					"position": {
						"vector": [0, 0, 0]
					}
				}
			}
		}
	},
	"geckolib_format_version": 2
}