{
	"format_version": "1.8.0",
	"animations": {
		"speed_attack_sword": {
			"animation_length": 0.75,
			"bones": {
				"body": {
					"rotation": {
						"0.0": {
							"vector": [0, 0, 0]
						},
						"0.5": {
							"vector": [0, 0, 0]
						},
						"0.75": {
							"vector": [0, 0, 0]
						}
					},
					"position": {
						"0.0": {
							"vector": [0, -3, 0]
						},
						"0.5": {
							"vector": [0, -3, 0]
						},
						"0.75": {
							"vector": [0, -3, 0]
						}
					}
				},
				"torso": {
					"rotation": {
						"0.0": {
							"vector": [44.85467, 22.91465, 24.06036]
						},
						"0.0833": {
							"vector": [69.05898, -8.42106, -20.94102]
						},
						"0.25": {
							"vector": [67.5, 0, 0]
						},
						"0.5": {
							"vector": [67.5, 0, 0]
						},
						"0.75": {
							"vector": [42.69768, 0, 0]
						}
					},
					"position": {
						"0.0": {
							"vector": [0, -3, -5]
						},
						"0.0833": {
							"vector": [0, -8, -5]
						},
						"0.5": {
							"vector": [0, -8, -5]
						},
						"0.75": {
							"vector": [0, -3, -5]
						}
					}
				},
				"head": {
					"rotation": {
						"0.0": {
							"vector": [0, 0, 0]
						},
						"0.5": {
							"vector": [0, 0, 0]
						},
						"0.75": {
							"vector": [0, 0, 0]
						}
					},
					"position": {
						"0.0": {
							"vector": [0, -4, -6.5]
						},
						"0.0833": {
							"vector": [0, -9, -6.5]
						},
						"0.5": {
							"vector": [0, -9, -6.5]
						},
						"0.75": {
							"vector": [0, -4, -6.5]
						}
					}
				},
				"right_arm": {
					"rotation": {
						"0.0": {
							"vector": [178.61412, 34.95605, 290.82927]
						},
						"0.0833": {
							"vector": [-12.34947, 4.25346, -82.15776]
						},
						"0.1667": {
							"vector": [-12.34947, 4.25346, -82.15776]
						},
						"0.5": {
							"vector": [-12.34947, 4.25346, -82.15776]
						},
						"0.75": {
							"vector": [-29.73426, -13.00873, -8.2073]
						}
					},
					"position": {
						"0.0": {
							"vector": [1, 0, -1]
						},
						"0.0833": {
							"vector": [1.86307, -8.64241, -6.24497]
						},
						"0.1667": {
							"vector": [1.86307, -8.64241, -6.24497]
						},
						"0.5": {
							"vector": [1.86307, -8.64241, -6.24497]
						},
						"0.75": {
							"vector": [0.53108, -2.31299, -5.0335]
						}
					}
				},
				"left_arm": {
					"rotation": {
						"0.0": {
							"vector": [-31.81922, -5.32411, -21.8069]
						},
						"0.0833": {
							"vector": [38.99972, -9.23694, -28.25869]
						},
						"0.1667": {
							"vector": [38.99972, -9.23694, -28.25869]
						},
						"0.5": {
							"vector": [38.99972, -9.23694, -28.25869]
						},
						"0.75": {
							"vector": [5.26574, 13.00873, 8.2073]
						}
					},
					"position": {
						"0.0": {
							"vector": [-1, -4, -6]
						},
						"0.0833": {
							"vector": [-1.18027, -5.48739, -3.67494]
						},
						"0.1667": {
							"vector": [-1.18027, -5.48739, -3.67494]
						},
						"0.5": {
							"vector": [-1.18027, -5.48739, -3.67494]
						},
						"0.75": {
							"vector": [-0.28668, -1.90527, -4.23839]
						}
					}
				},
				"right_leg": {
					"rotation": {
						"0.0": {
							"vector": [42.39121, -3.37562, -1.30934]
						},
						"0.0833": {
							"vector": [67.5, 0, 0]
						},
						"0.5": {
							"vector": [67.5, 0, 0]
						},
						"0.75": {
							"vector": [42.39121, -3.37562, -1.30934]
						}
					},
					"position": {
						"0.0": {
							"vector": [-1, 1, 3]
						},
						"0.0833": {
							"vector": [0, -0.23463, 6.15224]
						},
						"0.5": {
							"vector": [0, -0.23463, 6.15224]
						},
						"0.75": {
							"vector": [-1, 0, 2]
						}
					}
				},
				"left_leg": {
					"rotation": {
						"0.0": {
							"vector": [-34.89743, -2.86544, 0.90082]
						},
						"0.0833": {
							"vector": [67.5, 0, 0]
						},
						"0.5": {
							"vector": [67.5, 0, 0]
						},
						"0.75": {
							"vector": [-34.89743, -2.86544, 0.90082]
						}
					},
					"position": {
						"0.0": {
							"vector": [0, 0, 2]
						},
						"0.0833": {
							"vector": [1, -2.61104, 4.07193]
						},
						"0.5": {
							"vector": [1, -2.61104, 4.07193]
						},
						"0.75": {
							"vector": [0, 0, 2]
						}
					}
				}
			}
		}
	},
	"geckolib_format_version": 2
}