{
	"format_version": "1.8.0",
	"animations": {
		"speed_attack_punch": {
			"animation_length": 0.75,
			"bones": {
				"body": {
					"rotation": {
						"0.0": {
							"vector": [39.23152, 37.76124, 26.56505]
						},
						"0.0833": {
							"vector": [39.23152, -37.76124, -26.56505]
						},
						"0.2083": {
							"vector": [39.23152, -37.76124, -26.56505]
						}
					},
					"position": {
						"0.0": {
							"vector": [0, 0, 0]
						},
						"0.0833": {
							"vector": [0, -1.5, 0]
						},
						"0.2083": {
							"vector": [0, -1.5, 0]
						}
					}
				},
				"head": {
					"rotation": {
						"0.0": {
							"vector": [-24.6688, -49.58364, 2.94883]
						},
						"0.0833": {
							"vector": [-18.38764, 30.92603, 6.63019]
						},
						"0.2083": {
							"vector": [-18.38764, 30.92603, 6.63019]
						}
					},
					"position": {
						"vector": [0, 0, 0]
					}
				},
				"torso": {
					"rotation": {
						"0.0": {
							"vector": [0, 0, 0]
						},
						"0.0833": {
							"vector": [0, -30, 0]
						}
					},
					"position": {
						"vector": [0, 0, 0]
					}
				},
				"right_arm": {
					"rotation": {
						"0.0": {
							"vector": [133.58989, 59.15122, 197.05052]
						},
						"0.0833": {
							"vector": [-112.91526, 24.76747, 12.16485]
						},
						"0.2083": {
							"vector": [-112.91526, 24.76747, 12.16485]
						}
					},
					"position": {
						"0.0": {
							"vector": [0, 0, 1]
						},
						"0.0833": {
							"vector": [2, 0, -4]
						},
						"0.2083": {
							"vector": [2, 0, -4]
						}
					}
				},
				"left_arm": {
					"rotation": {
						"0.0": {
							"vector": [-88.18493, 4.20992, 0.2742]
						},
						"0.0833": {
							"vector": [-65.75357, 3.84097, 20.75357]
						},
						"0.2083": {
							"vector": [-65.75357, 3.84097, 20.75357]
						}
					},
					"position": {
						"0.0": {
							"vector": [0, 0, 2]
						},
						"0.0833": {
							"vector": [-1, 0, 3]
						},
						"0.2083": {
							"vector": [-1, 0, 3]
						}
					}
				},
				"right_leg": {
					"rotation": {
						"0.0": {
							"vector": [7.20736, -23.51583, -8.20643]
						},
						"0.0833": {
							"vector": [-52.91526, 24.76747, 12.16485]
						},
						"0.2083": {
							"vector": [-52.91526, 24.76747, 12.16485]
						}
					},
					"position": {
						"0.0": {
							"vector": [0, 0, 0]
						},
						"0.0833": {
							"vector": [0, 0, -1]
						},
						"0.2083": {
							"vector": [0, 0, -1]
						}
					}
				},
				"left_leg": {
					"rotation": {
						"0.0": {
							"vector": [-45.41526, -24.76747, -12.16485]
						},
						"0.0833": {
							"vector": [7.08474, 24.76747, 12.16485]
						},
						"0.2083": {
							"vector": [7.08474, 24.76747, 12.16485]
						}
					},
					"position": {
						"0.0": {
							"vector": [0, 0, 0]
						},
						"0.0833": {
							"vector": [0, 0, 1]
						},
						"0.2083": {
							"vector": [0, 0, 1]
						}
					}
				}
			}
		}
	},
	"geckolib_format_version": 2
}