{
	"format_version": "1.8.0",
	"animations": {
		"step_left": {
			"animation_length": 1,
			"bones": {
				"body": {
					"rotation": {
						"0.0": {
							"vector": [0, 0, 0]
						},
						"0.1667": {
							"vector": [45, 0, 0]
						},
						"0.5": {
							"vector": [45, 0, 0]
						},
						"0.9167": {
							"vector": [22.5, 0, 0]
						}
					},
					"position": {
						"0.0": {
							"vector": [0, 0, 0]
						},
						"0.1667": {
							"vector": [0, -5, 0]
						},
						"0.5": {
							"vector": [0, -5, 0]
						},
						"0.9167": {
							"vector": [0, -1, 0]
						}
					}
				},
				"head": {
					"rotation": {
						"0.0": {
							"vector": [0, 0, 0]
						},
						"0.1667": {
							"vector": [32.5, 0, 0]
						},
						"0.5": {
							"vector": [32.5, 0, 0]
						},
						"0.9167": {
							"vector": [-2.5, 0, 0]
						}
					},
					"position": {
						"vector": [0, 0, 0]
					}
				},
				"torso": {
					"position": {
						"vector": [0, 0, 0]
					}
				},
				"right_arm": {
					"rotation": {
						"0.0": {
							"vector": [0, 0, 0]
						},
						"0.1667": {
							"vector": [-16.50371, 5.90316, 94.14314]
						},
						"0.5": {
							"vector": [-16.50371, 5.90316, 94.14314]
						},
						"0.9167": {
							"vector": [-39.14652, -7.28127, 26.19216]
						}
					},
					"position": {
						"0.0": {
							"vector": [0, 0, 0]
						},
						"0.1667": {
							"vector": [-0.95418, 0.09841, -0.28257]
						},
						"0.5": {
							"vector": [-0.95418, 0.09841, -0.28257]
						}
					}
				},
				"left_arm": {
					"rotation": {
						"0.0": {
							"vector": [0, 0, 0]
						},
						"0.1667": {
							"vector": [-70.11878, 49.1684, 21.39959]
						},
						"0.5": {
							"vector": [-70.11878, 49.1684, 21.39959]
						},
						"0.9167": {
							"vector": [-76.80902, 45.65872, 29.39619]
						}
					},
					"position": {
						"0.0": {
							"vector": [0, 0, 0]
						},
						"0.1667": {
							"vector": [1.58671, 0.36612, 1.16117]
						},
						"0.5": {
							"vector": [1.58671, 0.36612, 1.16117]
						}
					}
				},
				"right_leg": {
					"rotation": {
						"0.0": {
							"vector": [0, 0, 0]
						},
						"0.1667": {
							"vector": [-33.40361, 18.7065, 59.94419]
						},
						"0.5": {
							"vector": [-33.40361, 18.7065, 59.94419]
						},
						"0.9167": {
							"vector": [-7.77097, -4.6003, 13.45964]
						}
					},
					"position": {
						"0.0": {
							"vector": [0, 0, 0]
						},
						"0.1667": {
							"vector": [-1.0979, 2.21741, -0.9459]
						},
						"0.5": {
							"vector": [-1.0979, 2.21741, -0.9459]
						},
						"0.9167": {
							"vector": [-1.1, 1.29612, -1.33268]
						}
					}
				},
				"left_leg": {
					"rotation": {
						"0.0": {
							"vector": [0, 0, 0]
						},
						"0.1667": {
							"vector": [10.87661, -26.20268, 15.96864]
						},
						"0.5": {
							"vector": [10.87661, -26.20268, 15.96864]
						},
						"0.9167": {
							"vector": [-11.66889, -26.65682, 6.27811]
						}
					},
					"position": {
						"0.0": {
							"vector": [0, 0, 0]
						},
						"0.1667": {
							"vector": [2.44871, 3.1209, -3.00667]
						},
						"0.5": {
							"vector": [2.44871, 3.1209, -3.00667]
						},
						"0.9167": {
							"vector": [1.45, 1.81344, -2.4688]
						}
					}
				}
			}
		}
	},
	"geckolib_format_version": 2
}