{
	"format_version": "1.8.0",
	"animations": {
		"idle": {
			"loop": true,
			"animation_length": 1.1667,
			"bones": {
				"LeftArm": {
					"rotation": {
						"0.0": {
							"vector": [22.5, 0, 0]
						},
						"0.5": {
							"vector": [47.81123, 16.66577, -31.23252]
						},
						"0.6667": {
							"vector": [22.5, 0, -55]
						},
						"0.8333": {
							"vector": [53.48386, 4.68123, 73.27347]
						},
						"1.1667": {
							"vector": [22.5, 0, 0]
						}
					}
				},
				"RightArm": {
					"rotation": {
						"0.0": {
							"vector": [22.5, 0, 0]
						},
						"0.5": {
							"vector": [47.81123, -16.66577, 31.23252]
						},
						"0.6667": {
							"vector": [22.5, 0, 55]
						},
						"0.8333": {
							"vector": [53.48386, -4.68123, -73.27347]
						},
						"1.1667": {
							"vector": [22.5, 0, 0]
						}
					}
				},
				"base": {
					"rotation": {
						"0.0": {
							"vector": [4, 0, 0]
						},
						"0.6667": {
							"vector": [8, 0, 0]
						},
						"0.8333": {
							"vector": [8, 0, 0]
						},
						"1.1667": {
							"vector": [4, 0, 0]
						}
					},
					"position": {
						"0.0": {
							"vector": [0, 2, 0]
						},
						"0.6667": {
							"vector": [0, 0, 0]
						},
						"0.8333": {
							"vector": [0, 4, 0]
						},
						"1.1667": {
							"vector": [0, 2, 0]
						}
					}
				},
				"LeftLeg": {
					"rotation": {
						"vector": [25, 0, 0]
					}
				},
				"RightLeg": {
					"rotation": {
						"vector": [25, 0, 0]
					}
				},
				"RightArm2": {
					"rotation": {
						"0.0": {
							"vector": [0, 0, 0]
						},
						"0.5": {
							"vector": [1.23235, -7.52076, -18.58597]
						},
						"0.6667": {
							"vector": [1.23235, -7.52076, -18.58597]
						},
						"0.8333": {
							"vector": [-13.85712, -34.22892, 13.72143]
						},
						"1.1667": {
							"vector": [0, 0, 0]
						}
					},
					"position": {
						"0.0": {
							"vector": [0, 0, 0]
						},
						"0.5": {
							"vector": [0, 0, 0]
						},
						"0.6667": {
							"vector": [0, 0, 0]
						},
						"0.8333": {
							"vector": [4, 2, 3]
						},
						"1.1667": {
							"vector": [0, 0, 0]
						}
					}
				},
				"LeftArm2": {
					"rotation": {
						"0.0": {
							"vector": [0, 0, 0]
						},
						"0.5": {
							"vector": [1.23235, 7.52076, 18.58597]
						},
						"0.6667": {
							"vector": [1.23235, 7.52076, 18.58597]
						},
						"0.8333": {
							"vector": [-13.85712, 34.22892, -13.72143]
						},
						"1.1667": {
							"vector": [0, 0, 0]
						}
					},
					"position": {
						"0.0": {
							"vector": [0, 0, 0]
						},
						"0.5": {
							"vector": [0, 0, 0]
						},
						"0.6667": {
							"vector": [0, 0, 0]
						},
						"0.8333": {
							"vector": [-4, 2, 3]
						},
						"1.1667": {
							"vector": [0, 0, 0]
						}
					}
				}
			}
		},
		"walk": {
			"loop": true,
			"animation_length": 1.1667,
			"bones": {
				"LeftArm": {
					"rotation": {
						"0.0": {
							"vector": [22.5, 0, 0]
						},
						"0.5": {
							"vector": [47.81123, 16.66577, -31.23252]
						},
						"0.6667": {
							"vector": [22.5, 0, -55]
						},
						"0.8333": {
							"vector": [53.48386, 4.68123, 73.27347]
						},
						"1.1667": {
							"vector": [22.5, 0, 0]
						}
					}
				},
				"RightArm": {
					"rotation": {
						"0.0": {
							"vector": [22.5, 0, 0]
						},
						"0.5": {
							"vector": [47.81123, -16.66577, 31.23252]
						},
						"0.6667": {
							"vector": [22.5, 0, 55]
						},
						"0.8333": {
							"vector": [53.48386, -4.68123, -73.27347]
						},
						"1.1667": {
							"vector": [22.5, 0, 0]
						}
					}
				},
				"Head": {
					"rotation": {
						"vector": [-7.5, 0, 0]
					}
				},
				"base": {
					"rotation": {
						"0.0": {
							"vector": [25, 0, 0]
						},
						"0.6667": {
							"vector": [29, 0, 0]
						},
						"0.8333": {
							"vector": [29, 0, 0]
						},
						"1.1667": {
							"vector": [25, 0, 0]
						}
					},
					"position": {
						"0.0": {
							"vector": [0, 2, 4]
						},
						"0.6667": {
							"vector": [0, 0, 4]
						},
						"0.8333": {
							"vector": [0, 4, 4]
						},
						"1.1667": {
							"vector": [0, 2, 4]
						}
					}
				},
				"LeftLeg": {
					"rotation": {
						"vector": [44.98147, 2.78525, 10.52029]
					}
				},
				"RightLeg": {
					"rotation": {
						"vector": [47.5, 0, 0]
					}
				},
				"RightArm2": {
					"rotation": {
						"0.0": {
							"vector": [0, 0, 0]
						},
						"0.5": {
							"vector": [1.23235, -7.52076, -18.58597]
						},
						"0.6667": {
							"vector": [1.23235, -7.52076, -18.58597]
						},
						"0.8333": {
							"vector": [-13.85712, -34.22892, 13.72143]
						},
						"1.1667": {
							"vector": [0, 0, 0]
						}
					},
					"position": {
						"0.0": {
							"vector": [0, 0, 0]
						},
						"0.5": {
							"vector": [0, 0, 0]
						},
						"0.6667": {
							"vector": [0, 0, 0]
						},
						"0.8333": {
							"vector": [4, 2, 3]
						},
						"1.1667": {
							"vector": [0, 0, 0]
						}
					}
				},
				"LeftArm2": {
					"rotation": {
						"0.0": {
							"vector": [0, 0, 0]
						},
						"0.5": {
							"vector": [1.23235, 7.52076, 18.58597]
						},
						"0.6667": {
							"vector": [1.23235, 7.52076, 18.58597]
						},
						"0.8333": {
							"vector": [-13.85712, 34.22892, -13.72143]
						},
						"1.1667": {
							"vector": [0, 0, 0]
						}
					},
					"position": {
						"0.0": {
							"vector": [0, 0, 0]
						},
						"0.5": {
							"vector": [0, 0, 0]
						},
						"0.6667": {
							"vector": [0, 0, 0]
						},
						"0.8333": {
							"vector": [-4, 2, 3]
						},
						"1.1667": {
							"vector": [0, 0, 0]
						}
					}
				}
			}
		},
		"tackle": {
			"loop": "hold_on_last_frame",
			"animation_length": 1.25,
			"bones": {
				"LeftArm": {
					"rotation": {
						"0.0": {
							"vector": [17.78077, 19.59905, -7.80846]
						},
						"0.125": {
							"vector": [109.27293, 60.58477, 121.09992]
						},
						"0.4583": {
							"vector": [17.78077, 19.59905, -7.80846]
						}
					}
				},
				"RightArm": {
					"rotation": {
						"0.0": {
							"vector": [17.78077, -19.59905, 7.80846]
						},
						"0.125": {
							"vector": [109.27293, -60.58477, -121.09992]
						},
						"0.4583": {
							"vector": [17.78077, -19.59905, 7.80846]
						}
					}
				},
				"Head": {
					"rotation": {
						"vector": [-50, 0, 0]
					}
				},
				"base": {
					"rotation": {
						"0.0": {
							"vector": [60, 0, 0]
						},
						"0.125": {
							"vector": [70, 0, 0]
						},
						"0.25": {
							"vector": [60, 0, 0]
						},
						"1.1667": {
							"vector": [50, 0, 0],
							"easing": "easeInOutElastic",
							"easingArgs": [1]
						}
					}
				}
			}
		},
		"death": {
			"loop": "hold_on_last_frame",
			"animation_length": 1.5,
			"bones": {
				"base": {
					"rotation": {
						"0.0": {
							"vector": [0, 0, 0]
						},
						"0.5": {
							"vector": [-115, 0, 0]
						}
					},
					"position": {
						"0.0": {
							"vector": [0, 0, 0]
						},
						"0.5": {
							"vector": [0, 15, -13]
						}
					}
				},
				"LeftLeg": {
					"rotation": {
						"0.0": {
							"vector": [0, 0, 0]
						},
						"0.5": {
							"vector": [60, 0, 0]
						}
					}
				},
				"RightLeg": {
					"rotation": {
						"0.0": {
							"vector": [0, 0, 0]
						},
						"0.5": {
							"vector": [60, 0, 0]
						}
					}
				},
				"LeftArm": {
					"rotation": {
						"0.0": {
							"vector": [0, 0, 0]
						},
						"0.1667": {
							"vector": [101.53314, 59.44524, 106.21147]
						},
						"0.5": {
							"vector": [0, 0, 0]
						}
					}
				},
				"RightArm": {
					"rotation": {
						"0.0": {
							"vector": [0, 0, 0]
						},
						"0.1667": {
							"vector": [101.53314, -59.44524, -106.21147]
						},
						"0.5": {
							"vector": [0, 0, 0]
						}
					}
				},