{
	"format_version": "1.8.0",
	"animations": {
		"idle": {
			"loop": true
		},
		"sprint": {
			"animation_length": 1,
			"bones": {
				"stick3": {
					"rotation": {
						"vector": [44.83129, 3.8446, 5.26013]
					},
					"position": {
						"vector": [-1.63002, 0.40948, 5.11619]
					}
				},
				"chain4": {
					"rotation": {
						"0.0": {
							"vector": [32.5, 0, 60]
						},
						"0.5": {
							"vector": [32.40109, -2.68407, 64.22005]
						},
						"1.0": {
							"vector": [32.5, 0, 60]
						}
					}
				},
				"chain5": {
					"rotation": {
						"vector": [47.93659, -6.73717, -7.40702]
					}
				},
				"chain6": {
					"rotation": {
						"vector": [12.5, 0, 0]
					}
				},
				"bone": {
					"rotation": {
						"vector": [0, 0, 27.5]
					}
				},
				"bone2": {
					"rotation": {
						"vector": [0, 0, 72.5]
					}
				},
				"bone3": {
					"rotation": {
						"0.0": {
							"vector": [0, 0, 0]
						},
						"0.5": {
							"vector": [0, 0, 5]
						},
						"1.0": {
							"vector": [0, 0, 0]
						}
					}
				},
				"bone4": {
					"rotation": {
						"vector": [0, 0, 22.5]
					}
				}
			}
		},
		"swing": {
			"animation_length": 0.5,
			"bones": {
				"stick1": {
					"rotation": {
						"0.0": {
							"vector": [0, 0, 0]
						},
						"0.125": {
							"vector": [0, 0, 2.5]
						},
						"0.5": {
							"vector": [0, 0, 2.5]
						}
					}
				},
				"stick3": {
					"rotation": {
						"0.0": {
							"vector": [-109.37006, -5.07855, -14.13272]
						},
						"0.125": {
							"vector": [-109.37006, -5.07855, -14.13272]
						},
						"0.5": {
							"vector": [-109.37006, -5.07855, -14.13272]
						}
					},
					"position": {
						"0.0": {
							"vector": [-1.93185, -2.19652, 4.52142]
						},
						"0.125": {
							"vector": [-1.93185, -2.19652, 4.52142]
						},
						"0.5": {
							"vector": [-1.93185, -2.19652, 4.52142]
						}
					}
				},
				"chain4": {
					"rotation": {
						"0.0": {
							"vector": [-62.77356, 22.52101, 11.14843]
						},
						"0.125": {
							"vector": [0, 0, 25]
						},
						"0.5": {
							"vector": [30.87373, -21.67699, 32.55226]
						}
					}
				},
				"chain5": {
					"rotation": {
						"0.0": {
							"vector": [0, -27.5, 0]
						},
						"0.125": {
							"vector": [27.22644, -22.52101, -11.14843]
						},
						"0.5": {
							"vector": [27.22644, -22.52101, -11.14843]
						}
					}
				},
				"chain6": {
					"rotation": {
						"0.0": {
							"vector": [0, 0, 117.5]
						},
						"0.125": {
							"vector": [83.93174, -0.4204, 82.08129]
						},
						"0.5": {
							"vector": [148.10566, 12.392, 74.22135]
						}
					}
				},
				"bone": {
					"rotation": {
						"0.0": {
							"vector": [0, 0, 0]
						},
						"0.125": {
							"vector": [0, 0, 50]
						},
						"0.5": {
							"vector": [45, 0, 77.5]
						}
					}
				},
				"bone2": {
					"rotation": {
						"0.0": {
							"vector": [47.5, 0, 170]
						},
						"0.125": {
							"vector": [0, 0, 70]
						},
						"0.5": {
							"vector": [0, 0, 105]
						}
					}
				},
				"bone3": {
					"rotation": {
						"0.0": {
							"vector": [20, 0, 62.5]
						},
						"0.125": {
							"vector": [0, 0, 45]
						},
						"0.5": {
							"vector": [0, 0, 67.5]
						}
					}
				},
				"bone4": {
					"rotation": {
						"0.0": {
							"vector": [25, 0, 0]
						},
						"0.125": {
							"vector": [17.5, 0, -25]
						},
						"0.5": {
							"vector": [17.5, 0, -25]
						}
					}
				}
			}
		},
		"swing2": {
			"animation_length": 0.5,
			"bones": {
				"stick1": {
					"rotation": {
						"0.0": {
							"vector": [0, 0, 2.5]
						},
						"0.125": {
							"vector": [0, 0, 2.5]
						},
						"0.5": {
							"vector": [0, 0, 0]
						}
					}
				},
				"stick3": {
					"rotation": {
						"0.0": {
							"vector": [-109.37006, -5.07855, -14.13272]
						},
						"0.125": {
							"vector": [-109.37006, -5.07855, -14.13272]
						},
						"0.5": {
							"vector": [-109.37006, -5.07855, -14.13272]
						}
					},
					"position": {
						"0.0": {
							"vector": [-1.93185, -2.19652, 4.52142]
						},
						"0.125": {
							"vector": [-1.93185, -2.19652, 4.52142]
						},
						"0.5": {
							"vector": [-1.93185, -2.19652, 4.52142]
						}
					}
				},
				"chain4": {
					"rotation": {
						"0.0": {
							"vector": [30.87373, -21.67699, 32.55226]
						},
						"0.125": {
							"vector": [0, 0, 25]
						},
						"0.5": {
							"vector": [-62.77356, 22.52101, 11.14843]
						}
					}
				},
				"chain5": {
					"rotation": {
						"0.0": {
							"vector": [27.22644, -22.52101, -11.14843]
						},
						"0.125": {
							"vector": [27.22644, -22.52101, -11.14843]
						},
						"0.5": {
							"vector": [0, -27.5, 0]
						}
					}
				},
				"chain6": {
					"rotation": {
						"0.0": {
							"vector": [148.10566, 12.392, 74.22135]
						},
						"0.125": {
							"vector": [83.93174, -0.4204, 82.08129]
						},
						"0.5": {
							"vector": [0, 0, 117.5]
						}
					}
				},
				"bone": {
					"rotation": {
						"0.0": {
							"vector": [45, 0, 77.5]
						},
						"0.125": {
							"vector": [0, 0, 50]
						},
						"0.5": {
							"vector": [0, 0, 0]
						}
					}
				},
				"bone2": {
					"rotation": {
						"0.0": {
							"vector": [0, 0, 105]
						},
						"0.125": {
							"vector": [0, 0, 70]
						},
						"0.5": {
							"vector": [47.5, 0, 170]
						}
					}
				},
				"bone3": {
					"rotation": {
						"0.0": {
							"vector": [0, 0, 67.5]
						},
						"0.125": {
							"vector": [0, 0, 45]
						},
						"0.5": {
							"vector": [20, 0, 62.5]
						}
					}
				},
				"bone4": {
					"rotation": {
						"0.0": {
							"vector": [17.5, 0, -25]
						},
						"0.125": {
							"vector": [17.5, 0, -25]
						},
						"0.5": {
							"vector": [25, 0, 0]
						}
					}
				}
			}
		}
	},
	"geckolib_format_version": 2
}